[{"model": "contenttypes.contenttype", "pk": 1, "fields": {"app_label": "admin", "model": "logentry"}}, {"model": "contenttypes.contenttype", "pk": 2, "fields": {"app_label": "auth", "model": "permission"}}, {"model": "contenttypes.contenttype", "pk": 3, "fields": {"app_label": "auth", "model": "group"}}, {"model": "contenttypes.contenttype", "pk": 4, "fields": {"app_label": "auth", "model": "user"}}, {"model": "contenttypes.contenttype", "pk": 5, "fields": {"app_label": "contenttypes", "model": "contenttype"}}, {"model": "contenttypes.contenttype", "pk": 6, "fields": {"app_label": "sessions", "model": "session"}}, {"model": "contenttypes.contenttype", "pk": 7, "fields": {"app_label": "reviews", "model": "category"}}, {"model": "contenttypes.contenttype", "pk": 8, "fields": {"app_label": "reviews", "model": "genre"}}, {"model": "contenttypes.contenttype", "pk": 9, "fields": {"app_label": "reviews", "model": "genretitle"}}, {"model": "contenttypes.contenttype", "pk": 10, "fields": {"app_label": "reviews", "model": "title"}}, {"model": "contenttypes.contenttype", "pk": 11, "fields": {"app_label": "reviews", "model": "review"}}, {"model": "contenttypes.contenttype", "pk": 12, "fields": {"app_label": "reviews", "model": "comment"}}, {"model": "sessions.session", "pk": "kl54u7zqj7vjq3krsjx7um2dijx8zfed", "fields": {"session_data": "ODNiY2MxZTIyMzFmMDFhZTJkYzUxMTE1NDcyMmI3ZThhYmNlYTc2Mzp7Il9hdXRoX3VzZXJfaWQiOiIxIiwiX2F1dGhfdXNlcl9iYWNrZW5kIjoiZGphbmdvLmNvbnRyaWIuYXV0aC5iYWNrZW5kcy5Nb2RlbEJhY2tlbmQiLCJfYXV0aF91c2VyX2hhc2giOiJjN2EyZThkOWU5Y2ZlMzE1YmY3NTNjMzg2ODQ4MzFiMzAyNjBiY2FmIn0=", "expire_date": "2022-12-25T12:36:48.243Z"}}, {"model": "reviews.category", "pk": 1, "fields": {"name": "\u0424\u0438\u043b\u044c\u043c", "slug": "movie"}}, {"model": "reviews.category", "pk": 2, "fields": {"name": "\u041a\u043d\u0438\u0433\u0430", "slug": "book"}}, {"model": "reviews.category", "pk": 3, "fields": {"name": "\u041c\u0443\u0437\u044b\u043a\u0430", "slug": "music"}}, {"model": "reviews.genre", "pk": 1, "fields": {"name": "\u0414\u0440\u0430\u043c\u0430", "slug": "drama"}}, {"model": "reviews.genre", "pk": 2, "fields": {"name": "\u041a\u043e\u043c\u0435\u0434\u0438\u044f", "slug": "comedy"}}, {"model": "reviews.genre", "pk": 3, "fields": {"name": "\u0412\u0435\u0441\u0442\u0435\u0440\u043d", "slug": "western"}}, {"model": "reviews.genre", "pk": 4, "fields": {"name": "\u0424\u044d\u043d\u0442\u0435\u0437\u0438", "slug": "fantasy"}}, {"model": "reviews.genre", "pk": 5, "fields": {"name": "\u0424\u0430\u043d\u0442\u0430\u0441\u0442\u0438\u043a\u0430", "slug": "sci-fi"}}, {"model": "reviews.genre", "pk": 6, "fields": {"name": "\u0414\u0435\u0442\u0435\u043a\u0442\u0438\u0432", "slug": "detective"}}, {"model": "reviews.genre", "pk": 7, "fields": {"name": "\u0422\u0440\u0438\u043b\u043b\u0435\u0440", "slug": "thriller"}}, {"model": "reviews.genre", "pk": 8, "fields": {"name": "\u0421\u043a\u0430\u0437\u043a\u0430", "slug": "tale"}}, {"model": "reviews.genre", "pk": 9, "fields": {"name": "\u0413\u043e\u043d\u0437\u043e", "slug": "gonzo"}}, {"model": "reviews.genre", "pk": 10, "fields": {"name": "\u0420\u043e\u043c\u0430\u043d", "slug": "roman"}}, {"model": "reviews.genre", "pk": 11, "fields": {"name": "\u0411\u0430\u043b\u043b\u0430\u0434\u0430", "slug": "ballad"}}, {"model": "reviews.genre", "pk": 12, "fields": {"name": "Rock-n-roll", "slug": "rock-n-roll"}}, {"model": "reviews.genre", "pk": 13, "fields": {"name": "\u041a\u043b\u0430\u0441\u0441\u0438\u043a\u0430", "slug": "classical"}}, {"model": "reviews.genre", "pk": 14, "fields": {"name": "\u0420\u043e\u043a", "slug": "rock"}}, {"model": "reviews.genre", "pk": 15, "fields": {"name": "\u0428\u0430\u043d\u0441\u043e\u043d", "slug": "chanson"}}, {"model": "reviews.title", "pk": 1, "fields": {"name": "\u041f\u043e\u0431\u0435\u0433 \u0438\u0437 \u0428\u043e\u0443\u0448\u0435\u043d\u043a\u0430", "year": 1994, "description": null, "category": 1}}, {"model": "reviews.title", "pk": 2, "fields": {"name": "\u041a\u0440\u0435\u0441\u0442\u043d\u044b\u0439 \u043e\u0442\u0435\u0446", "year": 1972, "description": null, "category": 1}}, {"model": "reviews.title", "pk": 3, "fields": {"name": "12 \u0440\u0430\u0437\u0433\u043d\u0435\u0432\u0430\u043d\u043d\u044b\u0445 \u043c\u0443\u0436\u0447\u0438\u043d", "year": 1957, "description": null, "category": 1}}, {"model": "reviews.title", "pk": 4, "fields": {"name": "\u0421\u043f\u0438\u0441\u043e\u043a \u0428\u0438\u043d\u0434\u043b\u0435\u0440\u0430", "year": 1993, "description": null, "category": 1}}, {"model": "reviews.title", "pk": 5, "fields": {"name": "\u041a\u0440\u0438\u043c\u0438\u043d\u0430\u043b\u044c\u043d\u043e\u0435 \u0447\u0442\u0438\u0432\u043e", "year": 1994, "description": null, "category": 1}}, {"model": "reviews.title", "pk": 6, "fields": {"name": "\u0425\u043e\u0440\u043e\u0448\u0438\u0439, \u043f\u043b\u043e\u0445\u043e\u0439, \u0437\u043b\u043e\u0439", "year": 1966, "description": null, "category": 1}}, {"model": "reviews.title", "pk": 7, "fields": {"name": "\u0412\u043b\u0430\u0441\u0442\u0435\u043b\u0438\u043d \u043a\u043e\u043b\u0435\u0446: \u0411\u0440\u0430\u0442\u0441\u0442\u0432\u043e \u043a\u043e\u043b\u044c\u0446\u0430", "year": 2001, "description": null, "category": 1}}, {"model": "reviews.title", "pk": 8, "fields": {"name": "\u0411\u043e\u0439\u0446\u043e\u0432\u0441\u043a\u0438\u0439 \u043a\u043b\u0443\u0431", "year": 1999, "description": null, "category": 1}}, {"model": "reviews.title", "pk": 9, "fields": {"name": "\u0424\u043e\u0440\u0440\u0435\u0441\u0442 \u0413\u0430\u043c\u043f", "year": 1994, "description": null, "category": 1}}, {"model": "reviews.title", "pk": 10, "fields": {"name": "\u0417\u0432\u0451\u0437\u0434\u043d\u044b\u0435 \u0432\u043e\u0439\u043d\u044b. \u042d\u043f\u0438\u0437\u043e\u0434 5: \u0418\u043c\u043f\u0435\u0440\u0438\u044f \u043d\u0430\u043d\u043e\u0441\u0438\u0442 \u043e\u0442\u0432\u0435\u0442\u043d\u044b\u0439 \u0443\u0434\u0430\u0440", "year": 1980, "description": null, "category": 1}}, {"model": "reviews.title", "pk": 11, "fields": {"name": "\u0412\u043b\u0430\u0441\u0442\u0435\u043b\u0438\u043d \u043a\u043e\u043b\u0435\u0446: \u0414\u0432\u0435 \u043a\u0440\u0435\u043f\u043e\u0441\u0442\u0438", "year": 2002, "description": null, "category": 1}}, {"model": "reviews.title", "pk": 12, "fields": {"name": "\u041c\u0430\u0442\u0440\u0438\u0446\u0430", "year": 1999, "description": null, "category": 1}}, {"model": "reviews.title", "pk": 13, "fields": {"name": "\u041f\u0440\u043e\u043b\u0435\u0442\u0430\u044f \u043d\u0430\u0434 \u0433\u043d\u0435\u0437\u0434\u043e\u043c \u043a\u0443\u043a\u0443\u0448\u043a\u0438", "year": 1975, "description": null, "category": 1}}, {"model": "reviews.title", "pk": 14, "fields": {"name": "\u041d\u0430\u0437\u0430\u0434 \u0432 \u0431\u0443\u0434\u0443\u0449\u0435\u0435", "year": 1985, "description": null, "category": 1}}, {"model": "reviews.title", "pk": 15, "fields": {"name": "\u041e\u043f\u0435\u0440\u0430\u0446\u0438\u044f \u00ab\u042b\u00bb \u0438 \u0434\u0440\u0443\u0433\u0438\u0435 \u043f\u0440\u0438\u043a\u043b\u044e\u0447\u0435\u043d\u0438\u044f \u0428\u0443\u0440\u0438\u043a\u0430", "year": 1965, "description": null, "category": 1}}, {"model": "reviews.title", "pk": 16, "fields": {"name": "\u041a\u0430\u0440\u0442\u044b, \u0434\u0435\u043d\u044c\u0433\u0438, \u0434\u0432\u0430 \u0441\u0442\u0432\u043e\u043b\u0430", "year": 1998, "description": null, "category": 1}}, {"model": "reviews.title", "pk": 17, "fields": {"name": "\u0414\u0436\u0435\u043d\u0442\u043b\u044c\u043c\u0435\u043d\u044b \u0443\u0434\u0430\u0447\u0438 ", "year": 1971, "description": null, "category": 1}}, {"model": "reviews.title", "pk": 18, "fields": {"name": "\u0414\u0436\u0430\u043d\u0433\u043e \u043e\u0441\u0432\u043e\u0431\u043e\u0436\u0434\u0435\u043d\u043d\u044b\u0439", "year": 2012, "description": null, "category": 1}}, {"model": "reviews.title", "pk": 19, "fields": {"name": "Generation \u041f", "year": 2011, "description": null, "category": 1}}, {"model": "reviews.title", "pk": 20, "fields": {"name": "\u041a\u043e\u043b\u043e\u0431\u043e\u043a", "year": 1873, "description": null, "category": 2}}, {"model": "reviews.title", "pk": 21, "fields": {"name": "\u0421\u0442\u0440\u0430\u0445 \u0438 \u043d\u0435\u043d\u0430\u0432\u0438\u0441\u0442\u044c \u0432 \u041b\u0430\u0441-\u0412\u0435\u0433\u0430\u0441\u0435", "year": 1971, "description": null, "category": 2}}, {"model": "reviews.title", "pk": 22, "fields": {"name": "\u0412\u043e\u0439\u043d\u0430 \u0438 \u043c\u0438\u0440", "year": 1865, "description": null, "category": 2}}, {"model": "reviews.title", "pk": 23, "fields": {"name": "\u0423\u043b\u0438\u0441\u0441", "year": 1918, "description": null, "category": 2}}, {"model": "reviews.title", "pk": 24, "fields": {"name": "Generation \u041f", "year": 1999, "description": null, "category": 2}}, {"model": "reviews.title", "pk": 25, "fields": {"name": "\u0412\u0438\u043d\u043d\u0438 \u041f\u0443\u0445 \u0438 \u0432\u0441\u0435-\u0432\u0441\u0435-\u0432\u0441\u0435", "year": 1926, "description": null, "category": 2}}, {"model": "reviews.title", "pk": 26, "fields": {"name": "\u0421\u0442\u0430\u0441 \u041c\u0438\u0445\u0430\u0439\u043b\u043e\u0432 - \u041f\u043e\u0437\u044b\u0432\u043d\u044b\u0435 \u043d\u0430 \u043b\u044e\u0431\u043e\u0432\u044c", "year": 2004, "description": null, "category": 3}}, {"model": "reviews.title", "pk": 27, "fields": {"name": "Led Zeppelin \u2014 Stairway to Heaven", "year": 1971, "description": null, "category": 3}}, {"model": "reviews.title", "pk": 28, "fields": {"name": "Jethro Tull - Aqualung", "year": 1971, "description": null, "category": 3}}, {"model": "reviews.title", "pk": 29, "fields": {"name": "Elvis Presley - Blue Suede Shoes", "year": 1955, "description": null, "category": 3}}, {"model": "reviews.title", "pk": 30, "fields": {"name": "Deep Purple \u2014 Smoke on the Water", "year": 1971, "description": null, "category": 3}}, {"model": "reviews.title", "pk": 31, "fields": {"name": "\u041c\u043e\u0446\u0430\u0440\u0442 - \u0422\u0443\u0440\u0435\u0446\u043a\u0438\u0439 \u043c\u0430\u0440\u0448", "year": 1784, "description": null, "category": 3}}, {"model": "reviews.title", "pk": 32, "fields": {"name": "\u0411\u0430\u0445. \u041e\u0440\u043a\u0435\u0441\u0442\u0440\u043e\u0432\u0430\u044f \u0421\u044e\u0438\u0442\u0430 \u21162 \u0441\u0438 \u043c\u0438\u043d\u043e\u0440", "year": 1739, "description": null, "category": 3}}, {"model": "reviews.genretitle", "pk": 1, "fields": {"title": 1, "genre": 1}}, {"model": "reviews.genretitle", "pk": 2, "fields": {"title": 2, "genre": 1}}, {"model": "reviews.genretitle", "pk": 3, "fields": {"title": 3, "genre": 1}}, {"model": "reviews.genretitle", "pk": 4, "fields": {"title": 4, "genre": 1}}, {"model": "reviews.genretitle", "pk": 5, "fields": {"title": 5, "genre": 2}}, {"model": "reviews.genretitle", "pk": 6, "fields": {"title": 5, "genre": 6}}, {"model": "reviews.genretitle", "pk": 7, "fields": {"title": 5, "genre": 7}}, {"model": "reviews.genretitle", "pk": 8, "fields": {"title": 6, "genre": 3}}, {"model": "reviews.genretitle", "pk": 9, "fields": {"title": 7, "genre": 4}}, {"model": "reviews.genretitle", "pk": 10, "fields": {"title": 8, "genre": 7}}, {"model": "reviews.genretitle", "pk": 11, "fields": {"title": 9, "genre": 1}}, {"model": "reviews.genretitle", "pk": 12, "fields": {"title": 9, "genre": 2}}, {"model": "reviews.genretitle", "pk": 13, "fields": {"title": 10, "genre": 4}}, {"model": "reviews.genretitle", "pk": 14, "fields": {"title": 11, "genre": 4}}, {"model": "reviews.genretitle", "pk": 15, "fields": {"title": 12, "genre": 1}}, {"model": "reviews.genretitle", "pk": 16, "fields": {"title": 12, "genre": 5}}, {"model": "reviews.genretitle", "pk": 17, "fields": {"title": 12, "genre": 6}}, {"model": "reviews.genretitle", "pk": 18, "fields": {"title": 12, "genre": 8}}, {"model": "reviews.genretitle", "pk": 19, "fields": {"title": 13, "genre": 1}}, {"model": "reviews.genretitle", "pk": 20, "fields": {"title": 14, "genre": 5}}, {"model": "reviews.genretitle", "pk": 21, "fields": {"title": 15, "genre": 2}}, {"model": "reviews.genretitle", "pk": 22, "fields": {"title": 15, "genre": 6}}, {"model": "reviews.genretitle", "pk": 23, "fields": {"title": 15, "genre": 8}}, {"model": "reviews.genretitle", "pk": 24, "fields": {"title": 16, "genre": 2}}, {"model": "reviews.genretitle", "pk": 25, "fields": {"title": 17, "genre": 2}}, {"model": "reviews.genretitle", "pk": 26, "fields": {"title": 18, "genre": 1}}, {"model": "reviews.genretitle", "pk": 27, "fields": {"title": 19, "genre": 1}}, {"model": "reviews.genretitle", "pk": 28, "fields": {"title": 20, "genre": 7}}, {"model": "reviews.genretitle", "pk": 29, "fields": {"title": 20, "genre": 8}}, {"model": "reviews.genretitle", "pk": 30, "fields": {"title": 21, "genre": 9}}, {"model": "reviews.genretitle", "pk": 31, "fields": {"title": 22, "genre": 10}}, {"model": "reviews.genretitle", "pk": 32, "fields": {"title": 23, "genre": 10}}, {"model": "reviews.genretitle", "pk": 33, "fields": {"title": 24, "genre": 10}}, {"model": "reviews.genretitle", "pk": 34, "fields": {"title": 25, "genre": 8}}, {"model": "reviews.genretitle", "pk": 35, "fields": {"title": 26, "genre": 15}}, {"model": "reviews.genretitle", "pk": 36, "fields": {"title": 27, "genre": 11}}, {"model": "reviews.genretitle", "pk": 37, "fields": {"title": 27, "genre": 14}}, {"model": "reviews.genretitle", "pk": 38, "fields": {"title": 28, "genre": 11}}, {"model": "reviews.genretitle", "pk": 39, "fields": {"title": 29, "genre": 12}}, {"model": "reviews.genretitle", "pk": 40, "fields": {"title": 30, "genre": 14}}, {"model": "reviews.genretitle", "pk": 41, "fields": {"title": 31, "genre": 13}}, {"model": "reviews.genretitle", "pk": 42, "fields": {"title": 32, "genre": 13}}, {"model": "auth.permission", "pk": 1, "fields": {"name": "Can add log entry", "content_type": 1, "codename": "add_logentry"}}, {"model": "auth.permission", "pk": 2, "fields": {"name": "Can change log entry", "content_type": 1, "codename": "change_logentry"}}, {"model": "auth.permission", "pk": 3, "fields": {"name": "Can delete log entry", "content_type": 1, "codename": "delete_logentry"}}, {"model": "auth.permission", "pk": 4, "fields": {"name": "Can view log entry", "content_type": 1, "codename": "view_logentry"}}, {"model": "auth.permission", "pk": 5, "fields": {"name": "Can add permission", "content_type": 2, "codename": "add_permission"}}, {"model": "auth.permission", "pk": 6, "fields": {"name": "Can change permission", "content_type": 2, "codename": "change_permission"}}, {"model": "auth.permission", "pk": 7, "fields": {"name": "Can delete permission", "content_type": 2, "codename": "delete_permission"}}, {"model": "auth.permission", "pk": 8, "fields": {"name": "Can view permission", "content_type": 2, "codename": "view_permission"}}, {"model": "auth.permission", "pk": 9, "fields": {"name": "Can add group", "content_type": 3, "codename": "add_group"}}, {"model": "auth.permission", "pk": 10, "fields": {"name": "Can change group", "content_type": 3, "codename": "change_group"}}, {"model": "auth.permission", "pk": 11, "fields": {"name": "Can delete group", "content_type": 3, "codename": "delete_group"}}, {"model": "auth.permission", "pk": 12, "fields": {"name": "Can view group", "content_type": 3, "codename": "view_group"}}, {"model": "auth.permission", "pk": 13, "fields": {"name": "Can add user", "content_type": 4, "codename": "add_user"}}, {"model": "auth.permission", "pk": 14, "fields": {"name": "Can change user", "content_type": 4, "codename": "change_user"}}, {"model": "auth.permission", "pk": 15, "fields": {"name": "Can delete user", "content_type": 4, "codename": "delete_user"}}, {"model": "auth.permission", "pk": 16, "fields": {"name": "Can view user", "content_type": 4, "codename": "view_user"}}, {"model": "auth.permission", "pk": 17, "fields": {"name": "Can add content type", "content_type": 5, "codename": "add_contenttype"}}, {"model": "auth.permission", "pk": 18, "fields": {"name": "Can change content type", "content_type": 5, "codename": "change_contenttype"}}, {"model": "auth.permission", "pk": 19, "fields": {"name": "Can delete content type", "content_type": 5, "codename": "delete_contenttype"}}, {"model": "auth.permission", "pk": 20, "fields": {"name": "Can view content type", "content_type": 5, "codename": "view_contenttype"}}, {"model": "auth.permission", "pk": 21, "fields": {"name": "Can add session", "content_type": 6, "codename": "add_session"}}, {"model": "auth.permission", "pk": 22, "fields": {"name": "Can change session", "content_type": 6, "codename": "change_session"}}, {"model": "auth.permission", "pk": 23, "fields": {"name": "Can delete session", "content_type": 6, "codename": "delete_session"}}, {"model": "auth.permission", "pk": 24, "fields": {"name": "Can view session", "content_type": 6, "codename": "view_session"}}, {"model": "auth.permission", "pk": 25, "fields": {"name": "Can add \u041a\u0430\u0442\u0435\u0433\u043e\u0440\u0438\u044f", "content_type": 7, "codename": "add_category"}}, {"model": "auth.permission", "pk": 26, "fields": {"name": "Can change \u041a\u0430\u0442\u0435\u0433\u043e\u0440\u0438\u044f", "content_type": 7, "codename": "change_category"}}, {"model": "auth.permission", "pk": 27, "fields": {"name": "Can delete \u041a\u0430\u0442\u0435\u0433\u043e\u0440\u0438\u044f", "content_type": 7, "codename": "delete_category"}}, {"model": "auth.permission", "pk": 28, "fields": {"name": "Can view \u041a\u0430\u0442\u0435\u0433\u043e\u0440\u0438\u044f", "content_type": 7, "codename": "view_category"}}, {"model": "auth.permission", "pk": 29, "fields": {"name": "Can add \u0416\u0430\u043d\u0440", "content_type": 8, "codename": "add_genre"}}, {"model": "auth.permission", "pk": 30, "fields": {"name": "Can change \u0416\u0430\u043d\u0440", "content_type": 8, "codename": "change_genre"}}, {"model": "auth.permission", "pk": 31, "fields": {"name": "Can delete \u0416\u0430\u043d\u0440", "content_type": 8, "codename": "delete_genre"}}, {"model": "auth.permission", "pk": 32, "fields": {"name": "Can view \u0416\u0430\u043d\u0440", "content_type": 8, "codename": "view_genre"}}, {"model": "auth.permission", "pk": 33, "fields": {"name": "Can add \u041f\u0440\u043e\u0438\u0437\u0432\u0435\u0434\u0435\u043d\u0438\u0435 \u0438 \u0436\u0430\u043d\u0440", "content_type": 9, "codename": "add_genretitle"}}, {"model": "auth.permission", "pk": 34, "fields": {"name": "Can change \u041f\u0440\u043e\u0438\u0437\u0432\u0435\u0434\u0435\u043d\u0438\u0435 \u0438 \u0436\u0430\u043d\u0440", "content_type": 9, "codename": "change_genretitle"}}, {"model": "auth.permission", "pk": 35, "fields": {"name": "Can delete \u041f\u0440\u043e\u0438\u0437\u0432\u0435\u0434\u0435\u043d\u0438\u0435 \u0438 \u0436\u0430\u043d\u0440", "content_type": 9, "codename": "delete_genretitle"}}, {"model": "auth.permission", "pk": 36, "fields": {"name": "Can view \u041f\u0440\u043e\u0438\u0437\u0432\u0435\u0434\u0435\u043d\u0438\u0435 \u0438 \u0436\u0430\u043d\u0440", "content_type": 9, "codename": "view_genretitle"}}, {"model": "auth.permission", "pk": 37, "fields": {"name": "Can add \u041f\u0440\u043e\u0438\u0437\u0432\u0435\u0434\u0435\u043d\u0438\u0435", "content_type": 10, "codename": "add_title"}}, {"model": "auth.permission", "pk": 38, "fields": {"name": "Can change \u041f\u0440\u043e\u0438\u0437\u0432\u0435\u0434\u0435\u043d\u0438\u0435", "content_type": 10, "codename": "change_title"}}, {"model": "auth.permission", "pk": 39, "fields": {"name": "Can delete \u041f\u0440\u043e\u0438\u0437\u0432\u0435\u0434\u0435\u043d\u0438\u0435", "content_type": 10, "codename": "delete_title"}}, {"model": "auth.permission", "pk": 40, "fields": {"name": "Can view \u041f\u0440\u043e\u0438\u0437\u0432\u0435\u0434\u0435\u043d\u0438\u0435", "content_type": 10, "codename": "view_title"}}, {"model": "auth.permission", "pk": 41, "fields": {"name": "Can add \u041e\u0442\u0437\u044b\u0432", "content_type": 11, "codename": "add_review"}}, {"model": "auth.permission", "pk": 42, "fields": {"name": "Can change \u041e\u0442\u0437\u044b\u0432", "content_type": 11, "codename": "change_review"}}, {"model": "auth.permission", "pk": 43, "fields": {"name": "Can delete \u041e\u0442\u0437\u044b\u0432", "content_type": 11, "codename": "delete_review"}}, {"model": "auth.permission", "pk": 44, "fields": {"name": "Can view \u041e\u0442\u0437\u044b\u0432", "content_type": 11, "codename": "view_review"}}, {"model": "auth.permission", "pk": 45, "fields": {"name": "Can add \u041a\u043e\u043c\u043c\u0435\u043d\u0442\u0430\u0440\u0438\u0439", "content_type": 12, "codename": "add_comment"}}, {"model": "auth.permission", "pk": 46, "fields": {"name": "Can change \u041a\u043e\u043c\u043c\u0435\u043d\u0442\u0430\u0440\u0438\u0439", "content_type": 12, "codename": "change_comment"}}, {"model": "auth.permission", "pk": 47, "fields": {"name": "Can delete \u041a\u043e\u043c\u043c\u0435\u043d\u0442\u0430\u0440\u0438\u0439", "content_type": 12, "codename": "delete_comment"}}, {"model": "auth.permission", "pk": 48, "fields": {"name": "Can view \u041a\u043e\u043c\u043c\u0435\u043d\u0442\u0430\u0440\u0438\u0439", "content_type": 12, "codename": "view_comment"}}, {"model": "auth.user", "pk": 1, "fields": {"password": "pbkdf2_sha256$150000$oqkI62hLLcDF$oF5RhRMoGWy2cXUVu/zJU6ThK7cPXrapriQPWwwqPTc=", "last_login": "2022-12-11T12:36:48.240Z", "is_superuser": true, "username": "root", "first_name": "", "last_name": "", "email": "", "is_staff": true, "is_active": true, "date_joined": "2022-12-11T12:33:28.898Z", "groups": [], "user_permissions": []}}]